Popa,Catalina,injecions: [Moldamin],pills: [ ]
Popescu,Sorin,injecions: [Antitetanos, Moldamin],pills: [ Paracetamol]
Marian,Laura,injecions: [],pills: [ Antinevralgic, Nurofen]
Popa,Catalina,injecions: [],pills: [ Nurofen]
Popa,Catalina,injecions: [Moldamin],pills: [ ]
Popescu,Sorin,injecions: [Antitetanos, Moldamin],pills: [ Paracetamol]
Marian,Laura,injecions: [],pills: [ Antinevralgic, Nurofen]
Popa,Catalina,injecions: [],pills: [ Nurofen]
Popa,Catalina,injecions: [Moldamin],pills: [ ]
Popescu,Sorin,injecions: [Antitetanos, Moldamin],pills: [ Paracetamol]
Marian,Laura,injecions: [],pills: [ Antinevralgic, Nurofen]
Popa,Catalina,injecions: [],pills: [ Nurofen]
Popa,Catalina,injecions: [Moldamin],pills: [ ]
Popescu,Sorin,injecions: [Antitetanos, Moldamin],pills: [ Paracetamol]
Marian,Laura,injecions: [],pills: [ Antinevralgic, Nurofen]
Popa,Catalina,injecions: [],pills: [ Nurofen]
